{
  "pad_L": [
    [
      71,
      72,
      90,
      91,
      92,
      93,
      110,
      111,
      112
    ],
    [
      70,
      71,
      72,
      73,
      90,
      91,
      92,
      93,
      110,
      111,
      112
    ],
    [
      71,
      72,
      90,
      91,
      110,
      111,
      112,
      113
    ],
    [
      71,
      72,
      73,
      90,
      91,
      92,
      93,
      110,
      111,
      112,
      113
    ],
    [
      70,
      71,
      72,
      73,
      90,
      91,
      92,
      93,
      110,
      111,
      112,
      113
    ],
    [
      72,
      73,
      92,
      93,
      110,
      111,
      113
    ],
    [
      72,
      73,
      92,
      93,
      110,
      112,
      113
    ],
    [
      72,
      73,
      92,
      93,
      110,
      111,
      112,
      113
    ],
    [
      70,
      71,
      72,
      90,
      91,
      93,
      110,
      111,
      113
    ]
  ],
  "delta_L": [
    [
      0.30878158016992674,
      0.1939080673679258,
      0.2113800488265292,
      0.2623256604118358,
      0.45808137781573094,
      0.2156189588497341,
      0.15933729808513294,
      0.20624371843963413,
      0.40879793473836556
    ],
    [
      0.0939503237495521,
      0.11376946608772376,
      0.3941315574355108,
      0.34048728662373395,
      0.29586513890006466,
      0.3173968754610067,
      0.28966331158708963,
      0.20110106576740075,
      0.21747889869019418,
      0.2671419806000306,
      0.24976943533935017
    ],
    [
      0.20273666083115058,
      0.12740364265949594,
      0.18488392281053254,
      0.2733639907396367,
      0.17934766997092316,
      0.23164573914031902,
      0.47588338919314027,
      0.17006520791115287
    ],
    [
      0.11316502003449158,
      13.900714996955562,
      0.11057683740589042,
      0.1890231046006872,
      0.2632395914678707,
      0.4046224151159377,
      0.2736788958020717,
      0.22401219664302796,
      0.2869977957267393,
      0.4723620197273138,
      0.24710053700213222
    ],
    [
      0.3146774197819437,
      0.2607763175492088,
      0.27386479554501275,
      39.528818768165344,
      0.26405806858194447,
      0.2752615560674743,
      0.3923389716826651,
      0.25849713622419895,
      0.31496074267215296,
      0.28194128823987946,
      0.4742138138087742,
      0.2829030407255018
    ],
    [
      0.40071307451225713,
      0.708445567222593,
      0.32058899875938635,
      0.8105757697688976,
      0.22135499701484515,
      0.231391973437022,
      0.1917819917717706
    ],
    [
      0.19945308827678768,
      0.06888228096812146,
      0.41535588578376603,
      0.33483133802204706,
      0.036830399890320754,
      0.40330897109426783,
      0.4144092400027936
    ],
    [
      0.12456263037518926,
      0.2134006171526778,
      0.3769919471172142,
      0.3640582528566401,
      0.01542513289165227,
      0.5066188187359715,
      0.7754685571483673,
      0.20774312021402142
    ],
    [
      0.1724037106019375,
      0.2959363666072163,
      0.20255477871242814,
      0.32575616304148175,
      0.4785927135112481,
      42.72013806551573,
      0.6815348928091206,
      0.48822524179840826,
      0.3232428664767833
    ]
  ],
  "delta_err_L": [
    [
      0.05448763956472078,
      0.06353854354684309,
      0.04338167198308231,
      0.027059658081034034,
      0.0329838026057784,
      0.03736719299344093,
      0.041145896821260526,
      0.029830918929307167,
      0.038596536488011174
    ],
    [
      0.03854389392430848,
      0.030025906795405947,
      0.06596839253297011,
      0.05236318161969971,
      0.04641497868481447,
      0.03307127527488239,
      0.035109403697821215,
      0.04582065033552902,
      0.04313953994872389,
      0.03639327641959914,
      0.03525467209449084
    ],
    [
      0.05319098839749285,
      0.036967348593617375,
      0.06309600357990966,
      0.03980244578810678,
      0.05137365704436821,
      0.032751942621527814,
      0.0507643802955088,
      0.0501174220275276
    ],
    [
      0.024158119421867092,
      39.446690385459654,
      0.03271638380297955,
      0.058124155637108856,
      0.02965423885398886,
      0.04052572021645848,
      0.0606352127420483,
      0.050307953710862,
      0.04609637175954809,
      0.05299248626903202,
      0.05395579965160213
    ],
    [
      2.7095485333087663,
      0.05759370012876829,
      0.03826079373946847,
      1356.3718795820334,
      0.05213214879788947,
      0.03226502448501474,
      0.047605017974161265,
      0.0710482510288653,
      0.05254359753619629,
      0.05033483139017747,
      0.05874569714455097,
      0.05815422441596591
    ],
    [
      0.06949455994159269,
      0.09984946767082314,
      0.03447373285458883,
      1.7970952363182164,
      0.08004323312875875,
      0.0327355906838697,
      0.048565245549291425
    ],
    [
      0.08365524406716403,
      0.04166588499926352,
      0.041913273236301334,
      0.049988959207582395,
      0.5862649197983224,
      0.036408616641695826,
      0.052470851436986966
    ],
    [
      0.07193240741069676,
      0.05044220117657117,
      0.03399149410564898,
      0.05873241362266575,
      6.698953558162789,
      0.058931230115243635,
      11.27734218248334,
      0.05794995891874145
    ],
    [
      0.08623399432294956,
      0.06796161043783883,
      0.0903726134750981,
      0.07262328052916722,
      0.042744367747756896,
      2581.4738964586822,
      3.3953601265895843,
      0.050923106300642465,
      0.06860569760157931
    ]
  ],
  "pad_R": [
    [
      72,
      90,
      92,
      110,
      111,
      112
    ],
    [
      90,
      110,
      111
    ],
    [
      73,
      90,
      110,
      111
    ],
    [
      70,
      71,
      73,
      90,
      91,
      92,
      110,
      111,
      112
    ],
    [
      71,
      90,
      91,
      93,
      110,
      111,
      113
    ],
    [
      92,
      111
    ],
    [
      72,
      73,
      91,
      110,
      112
    ],
    [
      71,
      73,
      90,
      91,
      92,
      110,
      111
    ],
    [
      71,
      91,
      110,
      111,
      112
    ]
  ],
  "delta_R": [
    [
      0.07630940566674678,
      0.19654615877229495,
      0.2083585091956597,
      0.17934609241699326,
      0.4157900041081769,
      3.2945061355822784
    ],
    [
      0.18253640032480875,
      0.25158647414750956,
      0.34147058422083254
    ],
    [
      0.05906522283415502,
      0.31997709349877534,
      0.24522300935921765,
      0.5654104031387367
    ],
    [
      0.15610222843084698,
      0.6001084524176833,
      0.8547602878445889,
      0.24234308666961726,
      0.012039823574500837,
      0.29082773720929167,
      0.17812497041607991,
      0.3401388544234585,
      0.20783341189260207
    ],
    [
      0.15225765134536792,
      0.3974913811585914,
      0.3215618635677135,
      2.0876380545932522,
      0.2921389609443744,
      0.42777442892374,
      0.28982399016601057
    ],
    [
      0.3037030546768169,
      0.36518805840276486
    ],
    [
      0.08327965201654884,
      0.6146968125516229,
      0.14837515754947567,
      0.036830399890320754,
      0.10424560162582316
    ],
    [
      0.45087836247159824,
      17.65735787251434,
      0.9284004425095903,
      0.3562603507771477,
      0.42392396250289366,
      0.5870607520387855,
      0.48470007310551483
    ],
    [
      0.48130860331295366,
      12.111234972984454,
      0.32827957212837183,
      0.5439407201542721,
      0.3765242894047452
    ]
  ],