{
  "pad_L": [
    71,
    72,
    90,
    91,
    92,
    93,
    110,
    111,
    112,
    71,
    72,
    73,
    90,
    91,
    92,
    93,
    110,
    111,
    112,
    71,
    72,
    90,
    91,
    109,
    110,
    111,
    112,
    113,
    71,
    73,
    90,
    91,
    92,
    93,
    111,
    112,
    113,
    132,
    71,
    72,
    73,
    90,
    91,
    92,
    93,
    110,
    111,
    112,
    113,
    72,
    73,
    92,
    93,
    110,
    111,
    112,
    113,
    70,
    72,
    73,
    93,
    110,
    113,
    73,
    110,
    112,
    70,
    72,
    91,
    92,
    93,
    109,
    112
  ],
  "delta_L": [
    0.304715816418846,
    0.19194441315003696,
    0.2129764696537254,
    0.2597533583984559,
    0.4584666524042867,
    0.2156189588497341,
    0.15933729808513294,
    0.19853822077663172,
    0.39267207953081046,
    0.11376946608772376,
    0.40815442258884965,
    0.339207147612949,
    0.274711318381045,
    0.3173968754610067,
    0.2879165050496171,
    0.2011008703121393,
    0.05144718680044456,
    0.2671419806000306,
    0.24646838203948737,
    0.20330230324169088,
    0.14685336941427976,
    0.18488392281053254,
    0.272870097092885,
    0.9166410816556392,
    0.17934766997092316,
    0.23164573914031902,
    0.4738924171837258,
    0.17070086369425652,
    0.11344001657704243,
    0.11057683740589042,
    0.10615719565578863,
    0.2501466755950775,
    0.39003972420600574,
    0.2736788958020717,
    0.17802394888491394,
    0.5101018304899977,
    0.24939152756990365,
    2.1206944735356243,
    0.01951160252104787,
    0.26077885895182956,
    0.09859750618351143,
    0.2853056560796752,
    0.10580517717189297,
    0.05537034965130346,
    0.2578921953904034,
    0.3066088321201625,
    0.14687688224872342,
    0.4760013028930377,
    0.2816930758523112,
    0.3482995472836476,
    0.07631692310772567,
    0.12955517533924354,
    0.1605259627565106,
    0.031990051716058815,
    0.24740404223824697,
    0.546823576548081,
    0.18919145781229563,
    0.28908674398196704,
    0.19945308827678768,
    0.06354833445925738,
    0.2433183774468198,
    0.036830399890320754,
    0.08765839178925952,
    1.5854933391428947,
    0.39258581989830854,
    0.23602663576675958,
    0.17468291119405097,
    0.2016191576198526,
    0.47241461331779583,
    0.4130404053467868,
    0.22195621384071215,
    0.40253419695542086,
    0.37758821206021326
  ],
  "delta_err_L": [
    0.054372631822134275,
    0.06362793782870943,
    0.043337092854375495,
    0.027195340350609755,
    0.03283995525663885,
    0.03736719299344093,
    0.041145896821260526,
    0.030157833056024663,
    0.0388850172959333,
    0.030025906795405947,
    0.06611838456861084,
    0.05217283083575099,
    0.046755280105721046,
    0.03307127527488239,
    0.035098723279082526,
    0.0458202849093448,
    0.046779378809651995,
    0.03639327641959914,
    0.035205516755475556,
    0.053283077964864985,
    0.03799894894139391,
    0.06309600357990966,
    0.039837777345412946,
    0.16154930667474224,
    0.05137365704436821,
    0.032751942621527814,
    0.05091461790031753,
    0.05007479106314671,
    0.023029621380570197,
    0.03271638380297955,
    0.043246807355012885,
    0.029520224480151413,
    0.03898613209963798,
    0.0606352127420483,
    0.1619705398000158,
    0.055698205562193695,
    0.05401523197313085,
    0.7496224608555769,
    0.7260182694504158,
    0.03724017887113287,
    0.025890273253015423,
    0.056292271209892025,
    0.06723100539652013,
    0.042918469969982914,
    0.07109272839543845,
    0.052062033051901525,
    0.14517607731527973,
    0.05771081040957209,
    0.058383103877616895,
    0.06614650446336527,
    0.025596153165714737,
    0.05776181118527878,
    0.05349469093461477,
    0.40461326345857707,
    0.03248511071348556,
    0.18439078076522178,
    0.04720446230806967,
    0.06894330536047012,
    0.08365524406716403,
    0.055876907860871815,
    0.05909214604460118,
    0.5862649197983224,
    0.041275901960795225,
    0.49414612061290997,
    0.07126102452099588,
    0.12061563557885983,
    0.08453127335005925,
    0.08962986942015717,
    0.04309057834033533,
    0.04163101542563603,
    0.06868991957725826,
    0.0725509785050992,
    0.04503832626050999
  ],
  "pad_R": [
    69,
    71,
    72,
    89,
    90,
    91,
    92,
    109,
    110,
    111,
    71,
    89,
    90,
    92,
    110,
    111,
    112,
    69,
    70,
    89,
    91,
    110,
    111,
    112,
    72,
    90,
    91,
    92,
    110,
    111,
    112,
    91,
    111,
    89,
    92,
    110,
    70,
    72,
    72,
    71,
    112
  ],
  "delta_R": [
    0.10165401011033598,
    0.3254128133204488,
    0.07630940566674678,
    0.1937348203025789,
    0.195388740836257,
    0.4016476735556427,
    0.21393185613137092,
    0.20091234181607232,
    0.17934609241699326,
    0.4157900041081769,
    0.0847159779446747,
    0.22819784232433735,
    0.1788473685659069,
    0.22689255704974007,
    0.2522722720654638,
    0.3400880653155629,
    0.18707615975782937,
    0.04754938629097954,
    0.15928753125010725,
    0.2904603994507688,
    0.38909905434065245,
    0.24866407398905094,
    0.554084166666675,
    0.25440366270695586,
    0.06187948658893524,
    0.10615719565578863,
    0.36758149027276255,
    0.29082773720929167,
    0.04391499638888007,
    0.3047670315547151,
    0.21068249338485784,
    0.31717291256336233,
    0.4180706326988427,
    0.41599046984748494,
    0.1263047292859432,
    0.47956909610171905,
    0.1786321183158091,
    0.6956194226341451,
    0.5795864097226441,
    0.13617735964792413,
    0.4194018165780925
  ],
  "delta_err_R": [
    0.3540304510024675,
    0.053325601607181375,
    0.06346296617851593,
    0.03224660907184344,
    0.030043471096913486,
    0.04431541347997353,
    0.05183521436490269,
    0.05230118477703021,
    0.02620096906399053,
    0.042509436576039505,
    0.23930950984070187,
    0.05404575643740508,
    0.025464009264259225,
    0.05522518018972227,
    0.033957496057221835,
    0.04264899863490975,
    0.0559213444196412,
    0.1557294626294999,
    0.046613374860469015,
    0.0633778285871887,
    0.03402308299684401,
    0.028128313955275704,
    0.055915318357071,
    0.3608831006434856,
    0.0367298195163469,
    0.043246807355012885,
    0.04031460914862537,
    0.06280575050960073,
    0.6766958374082743,
    0.03003687831818328,
    0.05261576653535324,
    0.03517298214069086,
    0.03973473348212199,
    0.05559507922227873,
    0.054150764479360874,
    0.08216395730541945,
    0.11576670039890437,
    0.25836824203469333,
    0.13145634557902805,
    0.22347907867083266,
    0.0873103908820951
  ]
}